[[{"id":"6","Title":"TCDD(2,3,7,8-Tetrachlorodibenzo-p-Dioxin)\/\/Liver\/\/gavage\/\/TTG020","Species":"Mouse","Dose":"0\/1\/3\/10\/30","DoseUnit":"ug\/kg","Time":"2\/4\/8\/24","TimeUnit":"hr","Vehicle":"corn oil","Description":"TCDD(2,3,7,8-Tetrachlorodibenzo-p-Dioxin)"},{"id":"7","Title":"TCDF(2,3,7,8-Tetrachlorodibenzofuran)\/\/Liver\/\/gavage\/\/TTG026","Species":"Mouse","Dose":"0\/1\/3\/10\/30","DoseUnit":"ug\/kg","Time":"2\/4\/8\/24","TimeUnit":"hr","Vehicle":"corn oil","Description":"TCDF(2,3,7,8-Tetrachlorodibenzofuran)"}]]